名称,仕様,単位,見積単価,仕入単価,カテゴリ,備考
UTPケーブル/Cat6,,m,95,70,材料費,
UTPケーブル/Cat6A,,m,200,150,材料費,
カードリーダー用ケーブル / FCPEV-S 0.9×5P,台×80m,m,429,300,材料費,
ドアコン・タンパスイッチ用ケーブル / FCPEV-S 0.65×1P,台×80m,m,150,105,材料費,
シャッターセンサー用ケーブル / FCPEV-S 0.65×2P,台×80m,m,195,136,材料費,
フラッパーゲート用ケーブル / FCPEV-S 0.65×3P,台×80m,m,240,168,材料費,
電気錠用ケーブル / FCPEV-S 0.9×5P,台×80m,m,429,300,材料費,
ロックダウンボタン・サウンダー用ケーブル / MVVS 0.75sq×2C,台×80m,m,172,120,材料費,
アクセスコントロール間用ケーブル / FCPEV-S 0.65×2P,台×200m,m,195,136,材料費,
モジュラーロゼット/Cat6　1個口,3M VOL-SMB-1TK6,個,900,700,材料費,
モジュラーロゼット/Cat6　1個口,PANDUIT JOQ1H600,個,2200,1700,材料費,
モジュラージャック/Cat6　パッチパネル用,PANDUIT CJ688TPBL,個,1500,1200,材料費,
モジュラーロゼット/Cat6A,PANDUIT JOQ1H6A00,個,2700,2100,材料費,
情報コンセント/Cat6A,コンセントプレート等含む,個,2500,1900,材料費,
情報コンセント/Cat6,コンセントプレート等含む,個,1900,1500,材料費,
RJ-45/Cat6,,個,160,120,材料費,
RJ-45/Cat6A,,個,390,290,材料費,
24ポートパッチパネルキット/Cat6,3M VOL-PPUD24OC6-JPN,個,18000,13500,材料費,
24ポートパッチパネルキット/Cat6,PANDUIT CPPKL6G24WBL,個,42000,32000,材料費,
48ポートパッチパネルキット/Cat6,PANDUIT CPPKL6G48WBL,個,77000,60000,材料費,
シングルサイトマネージャ,CWMPV3440,個,32000,23000,材料費,
ヒンジ式ダクト型水平ケーブル管理パネル,WMPLFSE,個,7000,5000,材料費,
スリット付棚板,RP913-01SB,個,5900,4500,材料費,
前後マウント取付台板,RPM15-58LSB,個,11000,8000,材料費,
余長格納ユニット,RD872-1EK,個,8000,6000,材料費,
パッチケーブル/Cat6,20cm,本,1000,865,材料費,
パッチケーブル/Cat6,1m,本,1100,865,材料費,
パッチケーブル/Cat6,2m,本,1250,990,材料費,
パッチケーブル/Cat6,3m,本,1400,1100,材料費,
パッチケーブル/Cat6,5m,本,1700,1360,材料費,
パッチケーブル/Cat6,7m,本,2000,1600,材料費,
パッチケーブル/Cat6A,1m,本,1900,1500,材料費,
パッチケーブル/Cat6A,2m,本,2050,1630,材料費,
パッチケーブル/Cat6A,3m,本,2200,1770,材料費,
4芯テープスロット型光ケーブル SM 8芯,8SM(PAPB)-SZ4R(EZB)-WB-E,m,300,220,材料費,
4芯テープスロット型光ケーブル SM 12芯,16SM(PAPB)-SZ4R(EZB)-WB-E,m,320,240,材料費,
4芯テープスロット型光ケーブル SM 24芯,24SM(PAPB)-SZ4R(EZB)-WB-E,m,450,340,材料費,
4芯テープスロット型光ケーブル SM 40芯,40SM(PAPB)-SZ4R(EZB)-WB-E,m,580,420,材料費,
片端LC付4芯FOコード SM 2m,TTW8EY002ALC,本,4500,3200,材料費,
SC/SC 2芯メガネコード SM 3m,TTW8DY003SCSC,本,3200,2200,材料費,
SC/LC 2芯メガネコード SM 3m,TTW8DY003SCLC,本,2900,2100,材料費,
LC/LC 2芯メガネコード SM 3m,TTW8DY003LCLC,本,2800,2000,材料費,
スプライスユニット　ラックマウントタイプ 12芯 LC,RPA987RN-T1B12L,台,36400,25500,材料費,
スプライスユニット　ラックマウントタイプ 24芯 LC,RPA987RN-T1B24L,台,63000,50000,材料費,
スプライスユニット　ラックマウントタイプ 48芯 LC,RPA987RN-T1B48L,台,72800,57000,材料費,
電源ケーブル,VVF2.6mm-3C,m,490,350,材料費,
電源ケーブル,VVF2.0mm-3C,m,320,220,材料費,
電源ケーブル,VVF1.6mm-3C,m,220,140,材料費,
電源ケーブル,VCT5.5sq-3C,m,780,570,材料費,
電源ケーブル,VCT8sq-3C,m,1180,810,材料費,
電源ケーブル,VCT14sq-3C,m,1990,1400,材料費,
電源ケーブル,VCT22sq-3C,m,3200,2200,材料費,
電源ケーブル,VCT38sq-3C,m,5300,3700,材料費,
メッセンジャーワイヤー,22sq,m,270,200,材料費,
巻付クリップ　シンプル用,22sq,本,320,200,材料費,
スパイラルハンガー,SHRU-1500-35,本,180,120,材料費,
PF管/22φ,MFS-22,m,190,140,材料費,
PF管/28φ,MFS-28,m,230,160,材料費,
PF管/54φ,MFS-54,m,810,586,材料費,
中継ボックス,PVK-ANJ,個,700,500,材料費,
プルボックス　防水,PVP-2020,個,4200,3400,材料費,
鉄製プルボックス　防水,200×200×200　PB-JP202020,個,3500,2500,材料費,
ステンレス製プルボックス　防水,250×250×250　SE2525XN,個,22000,15000,材料費,
カッチングダクト 1m,ADR-461-JP,本,1400,950,材料費,
カッチングダクト 1m,ADR-131-JP,本,2000,1300,材料費,
カッチングダクト 2m,BDR-342,本,13500,10000,材料費,
IV線,5.5sq,m,140,100,材料費,
OAタップ　シャッター付き,TAP-SH3625MG,個,3400,2500,材料費,
構内ケーブル,0.5P-10P,m,200,140,材料費,
エレマックシート,7S-830SA,巻,120000,85000,材料費,
ケーブルタグ,ATG-KA-01 20枚入り,袋,900,650,材料費,
金属電線管　E管,19φ,m,450,300,材料費,
金属電線管　E管,25φ,m,650,450,材料費,
金属電線管　E管,31φ,m,890,620,材料費,
金属電線管　E管,39φ,m,1050,720,材料費,
金属電線管　E管,51φ,m,1500,1050,材料費,
フレキシブル電線管,PV24,m,900,750,材料費,
金属電線管　G管,16φ,m,800,676,材料費,
金属電線管　G管,22φ,m,1030,874,材料費,
金属電線管　G管,28φ,m,1390,1183,材料費,
安全ボール　スチールタイプ　黄色　フックなし,100φ×H850程度　ジャバラマット/トラテープ含む,本,50000,30000,材料費,
ケーブルラダー（W300）,付属品/ダクター/吊りボルト等/耐震補強含む,m,14000,10300,材料費,
ケーブルラダー（W300）カバー有,付属品/ダクター/吊りボルト等/耐震補強含む,m,17500,12500,材料費,
ケーブルラダー（W300）縦,付属品/ダクター等含む,式,8000,5500,材料費,
ケーブルラダー（W300）縦　カバー有,付属品/ダクター等含む,式,11000,7500,材料費,
VE管,16φ,m,240,150,材料費,
VE管,22φ,m,270,170,材料費,
VE管,36φ,m,650,450,材料費,
VE管付属品,,式,0,0,材料費,
全ネジボルト（天井吊り下げ用）,Jフック等含む,本,600,500,材料費,
光ケーブル OM3 10G BASE LC-LC 30M,,本,26000,22000,材料費,
光ケーブル OM3 10G BASE LC-LC 50M,,本,39000,33000,材料費,
光ケーブル OM3 10G BASE LC-LC 70M,,本,52000,44000,材料費,
光ケーブル OM3 10G BASE LC-LC 100M,,本,72000,61000,材料費,
光ケーブル OM3 10G BASE LC-SC 30M,,本,26000,22000,材料費,
光ケーブル OM3 10G BASE LC-SC 50M,,本,39000,33000,材料費,
光ケーブル OM3 10G BASE LC-SC 70M,,本,52000,44000,材料費,
光ケーブル OM3 10G BASE LC-SC 100M,,本,72000,61000,材料費,
カメラ取り付けボックス,振れ留等含む,台,8000,0,材料費,
雑材消耗品,材料費の10%,式,0,0,材料費,
